strategy,mean,p50,p90,max
baseline,0.03819448402290921,0.008814982479712512,0.13430905649982158,0.27929934221372976
macro_stable,0.08924776707286533,0.013999671329882429,0.32040089189359383,0.5011476632254689
